fork,url,commits_from_user_on_fork,returned,created_at,pushed_at,user
ahmetarssln/react,https://github.com/ahmetarssln/react,0,False,2014-12-02T19:04:49Z,2014-12-02T18:54:05Z,ahmetarssln
benigeri/react,https://github.com/benigeri/react,0,False,2015-10-19T18:59:55Z,2015-10-19T19:05:38Z,benigeri
missmiu-beauty/react,https://github.com/missmiu-beauty/react,0,False,2020-07-13T11:00:19Z,2020-07-11T19:35:30Z,missmiu-beauty
christianhubbard/react,https://github.com/christianhubbard/react,0,False,2020-05-16T02:55:37Z,2020-05-16T01:38:00Z,christianhubbard
aaronpflower/react,https://github.com/aaronpflower/react,0,False,2019-04-15T22:45:08Z,2019-04-15T22:09:26Z,aaronpflower
mfoonirlee/react,https://github.com/mfoonirlee/react,0,False,2015-03-24T06:23:53Z,2015-03-24T01:43:46Z,mfoonirlee
dinlandro/react,https://github.com/dinlandro/react,0,False,2019-06-02T11:29:30Z,2019-06-02T09:45:19Z,dinlandro
me-who/react,https://github.com/me-who/react,0,False,2017-09-11T01:59:16Z,2017-09-11T00:46:11Z,me-who
Arjun-sna/react,https://github.com/Arjun-sna/react,0,False,2020-01-14T08:36:23Z,2020-01-14T01:04:02Z,Arjun-sna
dmateusp/react,https://github.com/dmateusp/react,0,False,2017-04-21T12:47:54Z,2017-04-21T11:50:24Z,dmateusp
juliacochran/react,https://github.com/juliacochran/react,0,False,2017-03-01T22:11:36Z,2017-03-01T22:05:26Z,juliacochran
surajsarojs/react-1,https://github.com/surajsarojs/react-1,0,False,2019-06-21T09:12:07Z,2019-06-21T08:42:35Z,surajsarojs
johnmelvin3/react,https://github.com/johnmelvin3/react,0,False,2015-12-06T00:26:08Z,2015-12-05T18:38:32Z,johnmelvin3
daron1337/react,https://github.com/daron1337/react,0,False,2014-02-13T14:59:49Z,2014-02-13T09:37:13Z,daron1337
alirezarezvani/react,https://github.com/alirezarezvani/react,0,False,2018-05-30T15:59:22Z,2018-05-30T12:25:33Z,alirezarezvani
gyutae100/react,https://github.com/gyutae100/react,0,False,2021-03-05T05:04:48Z,2021-03-05T00:34:49Z,gyutae100
coder92/react,https://github.com/coder92/react,0,False,2018-12-03T06:31:45Z,2018-12-03T05:55:01Z,coder92
dev-appmonsters/react,https://github.com/dev-appmonsters/react,0,False,2019-12-26T08:38:39Z,2019-12-24T15:11:42Z,dev-appmonsters
duongvox99/react,https://github.com/duongvox99/react,0,False,2020-10-16T03:25:07Z,2020-10-15T22:30:18Z,duongvox99
liokm/react,https://github.com/liokm/react,0,False,2016-09-28T10:41:47Z,2016-09-28T09:24:39Z,liokm
DavidLeeMar/react,https://github.com/DavidLeeMar/react,0,False,2020-07-15T22:40:59Z,2020-07-15T21:24:11Z,DavidLeeMar
vladknp/react,https://github.com/vladknp/react,0,False,2018-12-20T09:59:16Z,2018-12-20T01:29:32Z,vladknp
ZeroxLim/react,https://github.com/ZeroxLim/react,0,False,2019-10-15T15:09:45Z,2019-10-15T16:04:06Z,ZeroxLim
tangkepeng/react,https://github.com/tangkepeng/react,0,False,2016-12-07T03:18:27Z,2016-12-07T03:09:06Z,tangkepeng
dddtttt000/react,https://github.com/dddtttt000/react,0,False,2021-04-15T08:40:14Z,2021-04-15T03:37:44Z,dddtttt000
klevunin/react,https://github.com/klevunin/react,0,False,2017-06-17T23:13:31Z,2017-06-17T12:28:29Z,klevunin
risticIvan/react,https://github.com/risticIvan/react,0,False,2019-04-27T19:05:53Z,2019-04-27T11:04:26Z,risticIvan
shushugah/react,https://github.com/shushugah/react,0,False,2014-07-24T04:13:39Z,2014-07-24T04:11:30Z,shushugah
JerroldLi/react,https://github.com/JerroldLi/react,0,False,2020-06-16T01:57:43Z,2020-06-16T00:56:58Z,JerroldLi
jealcy/react,https://github.com/jealcy/react,0,False,2020-05-16T01:23:38Z,2020-05-16T00:21:41Z,jealcy
Acbee3/react,https://github.com/Acbee3/react,0,False,2019-10-27T15:45:48Z,2019-10-26T22:24:50Z,Acbee3
atapin/react,https://github.com/atapin/react,0,False,2014-10-21T17:14:06Z,2014-10-21T00:17:57Z,atapin
jdbugames/react,https://github.com/jdbugames/react,0,False,2020-02-22T20:44:50Z,2020-02-22T15:54:30Z,jdbugames
jiivanhack/react,https://github.com/jiivanhack/react,0,False,2017-01-12T03:27:09Z,2017-01-12T00:00:59Z,jiivanhack
hatruong28/react,https://github.com/hatruong28/react,0,False,2016-04-15T08:24:20Z,2016-04-15T06:38:15Z,hatruong28
sid995/react,https://github.com/sid995/react,0,False,2020-03-06T04:08:24Z,2020-03-05T22:37:49Z,sid995
mdwpgithub/react,https://github.com/mdwpgithub/react,0,False,2019-05-28T09:53:12Z,2019-05-28T00:14:07Z,mdwpgithub
bestCindy/react,https://github.com/bestCindy/react,0,False,2020-11-12T01:25:47Z,2020-11-12T00:36:05Z,bestCindy
Rajan-Savaliya/react,https://github.com/Rajan-Savaliya/react,0,False,2020-06-12T13:44:17Z,2020-06-12T03:27:33Z,Rajan-Savaliya
etfbl-pisio/react,https://github.com/etfbl-pisio/react,1,False,2021-03-22T21:59:11Z,2021-03-22T21:59:57Z,etfbl-pisio
rodrigofdz/react,https://github.com/rodrigofdz/react,0,False,2019-11-05T22:06:55Z,2019-11-05T21:49:00Z,rodrigofdz
KeenWarrior/react,https://github.com/KeenWarrior/react,0,False,2021-01-24T05:54:39Z,2021-01-23T06:05:16Z,KeenWarrior
HerveMenga/react,https://github.com/HerveMenga/react,0,False,2016-01-22T15:46:35Z,2016-01-22T01:43:50Z,HerveMenga
Pree21/react,https://github.com/Pree21/react,0,False,2019-01-27T17:37:18Z,2019-01-27T14:54:38Z,Pree21
JMustang/react,https://github.com/JMustang/react,0,False,2020-11-08T23:25:23Z,2020-11-08T19:59:54Z,JMustang
noopnik/react,https://github.com/noopnik/react,0,False,2015-05-24T19:32:37Z,2015-05-24T19:28:55Z,noopnik
sphils/react,https://github.com/sphils/react,0,False,2018-10-24T03:26:54Z,2018-10-24T02:43:11Z,sphils
lmz2423/react,https://github.com/lmz2423/react,0,False,2015-01-30T10:33:09Z,2015-01-30T00:15:50Z,lmz2423
lastingyeh/react,https://github.com/lastingyeh/react,0,False,2019-01-16T05:38:56Z,2019-01-16T03:26:56Z,lastingyeh
Shittou/react,https://github.com/Shittou/react,0,False,2018-05-23T16:07:53Z,2018-05-23T16:04:43Z,Shittou
